CREATE DATABASE PIZZA_RUNNER
GO

USE PIZZA_RUNNER
GO

CREATE TABLE RUNNERS
(
	RUNNER_ID INT,
	REGISTRATION_DATE DATE
)
GO

CREATE TABLE PIZZA_NAMES
(
	PIZZA_ID INT,
	PIZZA_NAME VARCHAR(MAX)
)
GO

CREATE TABLE PIZZA_RECIPES
(
	PIZZA_ID INT,
	TOPPINGS VARCHAR(MAX)
)
GO

CREATE TABLE PIZZA_TOPPINGS
(
	TOPPING_ID INT,
	TOPPING_NAME VARCHAR(MAX)
)
GO

CREATE TABLE RUNNER_ORDERS
(
	ORDER_ID INT,
	RUNNER_ID INT,
	PICKUP_TIME VARCHAR(20),
	DISTANCE VARCHAR(10),
	DURATION VARCHAR(10),
	CANCELLATION VARCHAR(30)
)
GO

CREATE TABLE CUSTOMER_ORDERS
(
	ORDER_ID INT,
	CUSTOMER_ID INT,
	PIZZA_ID INT,
	EXCLUSIONS VARCHAR(10),
	EXTRAS VARCHAR(10),
	ORDER_DATE DATETIME
)
GO


INSERT INTO RUNNERS VALUES (1, '2021-01-01')
INSERT INTO RUNNERS VALUES (2, '2021-01-03')
INSERT INTO RUNNERS VALUES (3, '2021-01-08')
INSERT INTO RUNNERS VALUES (4, '2021-01-15')
GO

INSERT INTO PIZZA_NAMES VALUES (1, 'Meatlovers')
INSERT INTO PIZZA_NAMES VALUES (2, 'Vegetarian')
GO

INSERT INTO PIZZA_RECIPES VALUES (1, '1, 2, 3, 4, 5, 6, 8, 10')
INSERT INTO PIZZA_RECIPES VALUES (2, '4, 6, 7, 9, 11, 12')
GO

INSERT INTO PIZZA_TOPPINGS VALUES (1, 'Bacon')
INSERT INTO PIZZA_TOPPINGS VALUES (2, 'BBQ Sauce')
INSERT INTO PIZZA_TOPPINGS VALUES (3, 'Beef')
INSERT INTO PIZZA_TOPPINGS VALUES (4, 'Cheese')
INSERT INTO PIZZA_TOPPINGS VALUES (5, 'Chicken')
INSERT INTO PIZZA_TOPPINGS VALUES (6, 'Mushrooms')
INSERT INTO PIZZA_TOPPINGS VALUES (7, 'Onions')
INSERT INTO PIZZA_TOPPINGS VALUES (8, 'Pepperoni')
INSERT INTO PIZZA_TOPPINGS VALUES (9, 'Peppers')
INSERT INTO PIZZA_TOPPINGS VALUES (10, 'Salami')
INSERT INTO PIZZA_TOPPINGS VALUES (11, 'Tomatoes')
INSERT INTO PIZZA_TOPPINGS VALUES (12, 'Tomato Sauce')
GO

INSERT INTO RUNNER_ORDERS VALUES ('1', '1', '2020-01-01 18:15:34', '20km', '32 minutes', '')
INSERT INTO RUNNER_ORDERS VALUES ('2', '1', '2020-01-01 19:10:54', '20km', '27 minutes', '')
INSERT INTO RUNNER_ORDERS VALUES ('3', '1', '2020-01-03 00:12:37', '13.4km', '20 mins', NULL)
INSERT INTO RUNNER_ORDERS VALUES ('4', '2', '2020-01-04 13:53:03', '23.4', '40', NULL)
INSERT INTO RUNNER_ORDERS VALUES ('5', '3', '2020-01-08 21:10:57', '10', '15', NULL)
INSERT INTO RUNNER_ORDERS VALUES ('6', '3', 'null', 'null', 'null', 'Restaurant Cancellation')
INSERT INTO RUNNER_ORDERS VALUES ('7', '2', '2020-01-08 21:30:45', '25km', '25mins', 'null')
INSERT INTO RUNNER_ORDERS VALUES ('8', '2', '2020-01-10 00:15:02', '23.4 km', '15 minute', 'null')
INSERT INTO RUNNER_ORDERS VALUES ('9', '2', 'null', 'null', 'null', 'Customer Cancellation')
INSERT INTO RUNNER_ORDERS VALUES ('10', '1', '2020-01-11 18:50:20', '10km', '10minutes', 'null')
GO

INSERT INTO CUSTOMER_ORDERS VALUES ('1', '101', '1', '', '', '2020-01-01 18:05:02')
INSERT INTO CUSTOMER_ORDERS VALUES ('2', '101', '1', '', '', '2020-01-01 19:00:52')
INSERT INTO CUSTOMER_ORDERS VALUES ('3', '102', '1', '', '', '2020-01-02 23:51:23')
INSERT INTO CUSTOMER_ORDERS VALUES ('3', '102', '2', '', NULL, '2020-01-02 23:51:23')
INSERT INTO CUSTOMER_ORDERS VALUES ('4', '103', '1', '4', '', '2020-01-04 13:23:46')
INSERT INTO CUSTOMER_ORDERS VALUES ('4', '103', '1', '4', '', '2020-01-04 13:23:46')
INSERT INTO CUSTOMER_ORDERS VALUES ('4', '103', '2', '4', '', '2020-01-04 13:23:46')
INSERT INTO CUSTOMER_ORDERS VALUES ('5', '104', '1', 'null', '1', '2020-01-08 21:00:29')
INSERT INTO CUSTOMER_ORDERS VALUES ('6', '101', '2', 'null', 'null', '2020-01-08 21:03:13')
INSERT INTO CUSTOMER_ORDERS VALUES ('7', '105', '2', 'null', '1', '2020-01-08 21:20:29')
INSERT INTO CUSTOMER_ORDERS VALUES ('8', '102', '1', 'null', 'null', '2020-01-09 23:54:33')
INSERT INTO CUSTOMER_ORDERS VALUES ('9', '103', '1', '4', '1, 5', '2020-01-10 11:22:59')
INSERT INTO CUSTOMER_ORDERS VALUES ('10', '104', '1', 'null', 'null', '2020-01-11 18:34:49')
INSERT INTO CUSTOMER_ORDERS VALUES ('10', '104', '1', '2, 6', '1, 4', '2020-01-11 18:34:49')
GO